"Chamber.No","Ind","Mass","Length","Ch.Volume","DO.unit","Temp.class","Date.Time","Temp","Slope.with.BR","BR.Slope"
"A1",148,0.93,63,710,"mg O2",18,2023-05-01 17:33:00,17.91554163,-0.0001040406104,-2.4176e-05
"A2",146,1.13,67,710,"mg O2",18,2023-05-01 17:33:00,17.91554163,-0.0001221816183,-1.7472e-05
"A3",152,1.42,68,710,"mg O2",18,2023-05-01 17:33:00,17.91554163,-0.0001374576753,-1.2526e-05
"A4",150,0.7,57,710,"mg O2",18,2023-05-01 17:33:00,17.91554163,-8.3859e-05,-1.5112e-05
"B1",147,1.1,61,710,"mg O2",18,2023-05-01 17:33:00,17.76924162,-0.0001162522048,-1.3096e-05
"B2",149,1.53,68,710,"mg O2",18,2023-05-01 17:33:00,17.76924162,-7.1448e-05,-1.4274e-05
"B3",145,1.29,69,710,"mg O2",18,2023-05-01 17:33:00,17.76924162,-0.0001189111359,-1.7136e-05
"B4",151,1.54,68,710,"mg O2",18,2023-05-01 17:33:00,17.76924162,-0.0001344084598,-1.5988e-05
"A1",148,0.93,63,710,"mg O2",18,2023-05-01 18:23:00,17.84921664,-0.0002257136465,-2.47325e-05
"A2",146,1.13,67,710,"mg O2",18,2023-05-01 18:23:00,17.84921664,-0.0002061868346,-1.775045e-05
"A3",152,1.42,68,710,"mg O2",18,2023-05-01 18:23:00,17.84921664,-0.0003497895387,-1.27965e-05
"A4",150,0.7,57,710,"mg O2",18,2023-05-01 18:23:00,17.84921664,-0.0002011785862,-1.551055e-05
"B1",147,1.1,61,710,"mg O2",18,2023-05-01 18:23:00,17.72700844,-0.0002332849339,-1.34531e-05
"B2",149,1.53,68,710,"mg O2",18,2023-05-01 18:23:00,17.72700844,-0.0002090122295,-1.45262e-05
"B3",145,1.29,69,710,"mg O2",18,2023-05-01 18:23:00,17.72700844,-0.000341140498,-1.72236e-05
"B4",151,1.54,68,710,"mg O2",18,2023-05-01 18:23:00,17.72700844,-0.0002186768968,-1.61545e-05
"A1",148,0.93,63,710,"mg O2",18,2023-05-01 18:48:00,17.84055007,-0.0001903102792,-2.501075e-05
"A2",146,1.13,67,710,"mg O2",18,2023-05-01 18:48:00,17.84055007,-2.0883e-05,-1.7889675e-05
"A3",152,1.42,68,710,"mg O2",18,2023-05-01 18:48:00,17.84055007,-0.0002408564904,-1.293175e-05
"A4",150,0.7,57,710,"mg O2",18,2023-05-01 18:48:00,17.84055007,-1.4107e-05,-1.5709825e-05
"B1",147,1.1,61,710,"mg O2",18,2023-05-01 18:48:00,17.72162498,-0.0002570561117,-1.363165e-05
"B2",149,1.53,68,710,"mg O2",18,2023-05-01 18:48:00,17.72162498,-0.0002517260214,-1.46523e-05
"B3",145,1.29,69,710,"mg O2",18,2023-05-01 18:48:00,17.72162498,-0.0003712502662,-1.72674e-05
"B4",151,1.54,68,710,"mg O2",18,2023-05-01 18:48:00,17.72162498,-0.0001226864236,-1.623775e-05
"A1",148,0.93,63,710,"mg O2",18,2023-05-01 19:13:00,17.82555827,-0.0002408383821,-2.5289e-05
"A2",146,1.13,67,710,"mg O2",18,2023-05-01 19:13:00,17.82555827,-0.0002238680145,-1.80289e-05
"A3",152,1.42,68,710,"mg O2",18,2023-05-01 19:13:00,17.82555827,-0.0003279600855,-1.3067e-05
"A4",150,0.7,57,710,"mg O2",18,2023-05-01 19:13:00,17.82555827,-0.0001183461114,-1.59091e-05
"B1",147,1.1,61,710,"mg O2",18,2023-05-01 19:13:00,17.68057504,-0.0003232608713,-1.38102e-05
"B2",149,1.53,68,710,"mg O2",18,2023-05-01 19:13:00,17.68057504,-0.0001145303237,-1.47784e-05
"B3",145,1.29,69,710,"mg O2",18,2023-05-01 19:13:00,17.68057504,-0.0001889840489,-1.73112e-05
"B4",151,1.54,68,710,"mg O2",18,2023-05-01 19:13:00,17.68057504,-0.0001443608494,-1.6321e-05
"A1",148,0.93,63,710,"mg O2",18,2023-05-01 19:38:00,17.76884162,-0.0001281997508,-2.556725e-05
"A2",146,1.13,67,710,"mg O2",18,2023-05-01 19:38:00,17.76884162,-0.0001647877996,-1.8168125e-05
"A3",152,1.42,68,710,"mg O2",18,2023-05-01 19:38:00,17.76884162,-0.0001003350402,-1.320225e-05
"A4",150,0.7,57,710,"mg O2",18,2023-05-01 19:38:00,17.76884162,-5.7468e-05,-1.6108375e-05
"B1",147,1.1,61,710,"mg O2",18,2023-05-01 19:38:00,17.65063324,-0.0002525008487,-1.398875e-05
"B2",149,1.53,68,710,"mg O2",18,2023-05-01 19:38:00,17.65063324,-6.8969e-05,-1.49045e-05
"B3",145,1.29,69,710,"mg O2",18,2023-05-01 19:38:00,17.65063324,-0.0001231243876,-1.7355e-05
"B4",151,1.54,68,710,"mg O2",18,2023-05-01 19:38:00,17.65063324,-0.0001019417486,-1.640425e-05
"A1",148,0.93,63,710,"mg O2",18,2023-05-01 20:03:00,17.80398337,-0.0001033751814,-2.58455e-05
"A2",146,1.13,67,710,"mg O2",18,2023-05-01 20:03:00,17.80398337,-6.3787e-05,-1.830735e-05
"A3",152,1.42,68,710,"mg O2",18,2023-05-01 20:03:00,17.80398337,-0.000132159317,-1.33375e-05
"A4",150,0.7,57,710,"mg O2",18,2023-05-01 20:03:00,17.80398337,-4.2148e-05,-1.630765e-05
"B1",147,1.1,61,710,"mg O2",18,2023-05-01 20:03:00,17.64429164,-0.0001791223155,-1.41673e-05
"B2",149,1.53,68,710,"mg O2",18,2023-05-01 20:03:00,17.64429164,-4.132e-05,-1.50306e-05
"B3",145,1.29,69,710,"mg O2",18,2023-05-01 20:03:00,17.64429164,-4.2278e-05,-1.73988e-05
"B4",151,1.54,68,710,"mg O2",18,2023-05-01 20:03:00,17.64429164,-7.9881e-05,-1.64875e-05
"A1",148,0.93,63,710,"mg O2",18,2023-05-01 20:28:00,17.80651677,-0.0001238096756,-2.612375e-05
"A2",146,1.13,67,710,"mg O2",18,2023-05-01 20:28:00,17.80651677,-9.1498e-05,-1.8446575e-05
"A3",152,1.42,68,710,"mg O2",18,2023-05-01 20:28:00,17.80651677,-0.0001146099515,-1.347275e-05
"A4",150,0.7,57,710,"mg O2",18,2023-05-01 20:28:00,17.80651677,-6.9023e-05,-1.6506925e-05
"B1",147,1.1,61,710,"mg O2",18,2023-05-01 20:28:00,17.65287503,-0.0001391996178,-1.434585e-05
"B2",149,1.53,68,710,"mg O2",18,2023-05-01 20:28:00,17.65287503,-9.8561e-05,-1.51567e-05
"B3",145,1.29,69,710,"mg O2",18,2023-05-01 20:28:00,17.65287503,-0.0002385716852,-1.74426e-05
"B4",151,1.54,68,710,"mg O2",18,2023-05-01 20:28:00,17.65287503,-0.0001794670863,-1.657075e-05
"A1",148,0.93,63,710,"mg O2",18,2023-05-01 20:53:00,17.80224174,-0.0001310032107,-2.6402e-05
"A2",146,1.13,67,710,"mg O2",18,2023-05-01 20:53:00,17.80224174,-9.4765e-05,-1.85858e-05
"A3",152,1.42,68,710,"mg O2",18,2023-05-01 20:53:00,17.80224174,-0.0001452719196,-1.3608e-05
"A4",150,0.7,57,710,"mg O2",18,2023-05-01 20:53:00,17.80224174,-0.0001101483596,-1.67062e-05
"B1",147,1.1,61,710,"mg O2",18,2023-05-01 20:53:00,17.64209995,-0.0001430321606,-1.45244e-05
"B2",149,1.53,68,710,"mg O2",18,2023-05-01 20:53:00,17.64209995,-0.0001477811856,-1.52828e-05
"B3",145,1.29,69,710,"mg O2",18,2023-05-01 20:53:00,17.64209995,-0.0001064002684,-1.74864e-05
"B4",151,1.54,68,710,"mg O2",18,2023-05-01 20:53:00,17.64209995,-0.0001296780836,-1.6654e-05
"A1",148,0.93,63,710,"mg O2",18,2023-05-01 21:18:00,17.77122496,-4.2529e-05,-2.668025e-05
"A2",146,1.13,67,710,"mg O2",18,2023-05-01 21:18:00,17.77122496,-8.2159e-05,-1.8725025e-05
"A3",152,1.42,68,710,"mg O2",18,2023-05-01 21:18:00,17.77122496,-0.0001355477346,-1.374325e-05
"A4",150,0.7,57,710,"mg O2",18,2023-05-01 21:18:00,17.77122496,-0.0001284435799,-1.6905475e-05
"B1",147,1.1,61,710,"mg O2",18,2023-05-01 21:18:00,17.6351501,-0.0001414132867,-1.470295e-05
"B2",149,1.53,68,710,"mg O2",18,2023-05-01 21:18:00,17.6351501,-5.012e-05,-1.54089e-05
"B3",145,1.29,69,710,"mg O2",18,2023-05-01 21:18:00,17.6351501,-6.3424e-05,-1.75302e-05
"B4",151,1.54,68,710,"mg O2",18,2023-05-01 21:18:00,17.6351501,-9.5719e-05,-1.673725e-05
"A1",148,0.93,63,710,"mg O2",18,2023-05-01 21:43:00,17.76674169,-0.0001189158718,-2.69585e-05
"A2",146,1.13,67,710,"mg O2",18,2023-05-01 21:43:00,17.76674169,-7.7409e-05,-1.886425e-05
"A3",152,1.42,68,710,"mg O2",18,2023-05-01 21:43:00,17.76674169,-0.0001361459419,-1.38785e-05
"A4",150,0.7,57,710,"mg O2",18,2023-05-01 21:43:00,17.76674169,-0.0002160498768,-1.710475e-05
"B1",147,1.1,61,710,"mg O2",18,2023-05-01 21:43:00,17.58682493,-0.000188876378,-1.48815e-05
"B2",149,1.53,68,710,"mg O2",18,2023-05-01 21:43:00,17.58682493,-0.0001488600728,-1.5535e-05
"B3",145,1.29,69,710,"mg O2",18,2023-05-01 21:43:00,17.58682493,-0.0001574727908,-1.7574e-05
"B4",151,1.54,68,710,"mg O2",18,2023-05-01 21:43:00,17.58682493,-0.0001741906132,-1.68205e-05
"A1",148,0.93,63,710,"mg O2",18,2023-05-01 22:08:00,17.7797917,-0.0001651881353,-2.723675e-05
"A2",146,1.13,67,710,"mg O2",18,2023-05-01 22:08:00,17.7797917,-8.8051e-05,-1.9003475e-05
"A3",152,1.42,68,710,"mg O2",18,2023-05-01 22:08:00,17.7797917,-0.0001284194195,-1.401375e-05
"A4",150,0.7,57,710,"mg O2",18,2023-05-01 22:08:00,17.7797917,-8.0956e-05,-1.7304025e-05
"B1",147,1.1,61,710,"mg O2",18,2023-05-01 22:08:00,17.62374171,-0.0001915276209,-1.506005e-05
"B2",149,1.53,68,710,"mg O2",18,2023-05-01 22:08:00,17.62374171,-0.0001093399384,-1.56611e-05
"B3",145,1.29,69,710,"mg O2",18,2023-05-01 22:08:00,17.62374171,-0.0001314459403,-1.76178e-05
"B4",151,1.54,68,710,"mg O2",18,2023-05-01 22:08:00,17.62374171,-0.0001575543621,-1.690375e-05
"A1",148,0.93,63,710,"mg O2",18,2023-05-01 22:33:00,17.74737493,-0.0001194103587,-2.7515e-05
"A2",146,1.13,67,710,"mg O2",18,2023-05-01 22:33:00,17.74737493,-3.1491e-05,-1.91427e-05
"A3",152,1.42,68,710,"mg O2",18,2023-05-01 22:33:00,17.74737493,-6.7402e-05,-1.4149e-05
"A4",150,0.7,57,710,"mg O2",18,2023-05-01 22:33:00,17.74737493,-2.0376e-05,-1.75033e-05
"B1",147,1.1,61,710,"mg O2",18,2023-05-01 22:33:00,17.61940842,-0.0001299339436,-1.52386e-05
"B2",149,1.53,68,710,"mg O2",18,2023-05-01 22:33:00,17.61940842,-7.5314e-05,-1.57872e-05
"B3",145,1.29,69,710,"mg O2",18,2023-05-01 22:33:00,17.61940842,-0.000194448445,-1.76616e-05
"B4",151,1.54,68,710,"mg O2",18,2023-05-01 22:33:00,17.61940842,-0.0001172089751,-1.6987e-05
"A1",148,0.93,63,710,"mg O2",18,2023-05-01 23:23:00,17.76257496,-0.0001813288324,-2.80715e-05
"A2",146,1.13,67,710,"mg O2",18,2023-05-01 23:23:00,17.76257496,-6.2598e-05,-1.942115e-05
"A3",152,1.42,68,710,"mg O2",18,2023-05-01 23:23:00,17.76257496,-0.0001002259418,-1.44195e-05
"A4",150,0.7,57,710,"mg O2",18,2023-05-01 23:23:00,17.76257496,-5.4654e-05,-1.790185e-05
"B1",147,1.1,61,710,"mg O2",18,2023-05-01 23:23:00,17.59527486,-9.3854e-05,-1.55957e-05
"B2",149,1.53,68,710,"mg O2",18,2023-05-01 23:23:00,17.59527486,-1.5803e-05,-1.60394e-05
"B3",145,1.29,69,710,"mg O2",18,2023-05-01 23:23:00,17.59527486,-4.8705e-05,-1.77492e-05
"B4",151,1.54,68,710,"mg O2",18,2023-05-01 23:23:00,17.59527486,-8.4692e-05,-1.71535e-05
"A1",148,0.93,63,710,"mg O2",18,2023-05-01 23:48:00,17.74688331,-0.0001592896358,-2.834975e-05
"A2",146,1.13,67,710,"mg O2",18,2023-05-01 23:48:00,17.74688331,-9.6003e-05,-1.9560375e-05
"A3",152,1.42,68,710,"mg O2",18,2023-05-01 23:48:00,17.74688331,-0.0001182263746,-1.455475e-05
"A4",150,0.7,57,710,"mg O2",18,2023-05-01 23:48:00,17.74688331,-5.0879e-05,-1.8101125e-05
"B1",147,1.1,61,710,"mg O2",18,2023-05-01 23:48:00,17.59633344,-0.0001200844244,-1.577425e-05
"B2",149,1.53,68,710,"mg O2",18,2023-05-01 23:48:00,17.59633344,-4.0432e-05,-1.61655e-05
"B3",145,1.29,69,710,"mg O2",18,2023-05-01 23:48:00,17.59633344,-0.0001987402435,-1.7793e-05
"B4",151,1.54,68,710,"mg O2",18,2023-05-01 23:48:00,17.59633344,-9.2354e-05,-1.723675e-05
"A1",148,0.93,63,710,"mg O2",18,2023-05-02 00:13:00,17.72525009,-0.0001710593441,-2.8628e-05
"A2",146,1.13,67,710,"mg O2",18,2023-05-02 00:13:00,17.72525009,-0.0001453796149,-1.96996e-05
"A3",152,1.42,68,710,"mg O2",18,2023-05-02 00:13:00,17.72525009,-0.0001825121902,-1.469e-05
"A4",150,0.7,57,710,"mg O2",18,2023-05-02 00:13:00,17.72525009,-0.0001136325211,-1.83004e-05
"B1",147,1.1,61,710,"mg O2",18,2023-05-02 00:13:00,17.5513418,-0.0001847283049,-1.59528e-05
"B2",149,1.53,68,710,"mg O2",18,2023-05-02 00:13:00,17.5513418,-0.0001215614951,-1.62916e-05
"B3",145,1.29,69,710,"mg O2",18,2023-05-02 00:13:00,17.5513418,-0.0001395331027,-1.78368e-05
"B4",151,1.54,68,710,"mg O2",18,2023-05-02 00:13:00,17.5513418,-0.00018952832,-1.732e-05
"A1",148,0.93,63,710,"mg O2",18,2023-05-02 00:38:00,17.72198335,-0.0001104760712,-2.890625e-05
"A2",146,1.13,67,710,"mg O2",18,2023-05-02 00:38:00,17.72198335,-7.5992e-05,-1.9838825e-05
"A3",152,1.42,68,710,"mg O2",18,2023-05-02 00:38:00,17.72198335,-0.0001007979954,-1.482525e-05
"A4",150,0.7,57,710,"mg O2",18,2023-05-02 00:38:00,17.72198335,-3.7276e-05,-1.8499675e-05
"B1",147,1.1,61,710,"mg O2",18,2023-05-02 00:38:00,17.58588333,-0.0001239336926,-1.613135e-05
"B2",149,1.53,68,710,"mg O2",18,2023-05-02 00:38:00,17.58588333,-7.9201e-05,-1.64177e-05
"B3",145,1.29,69,710,"mg O2",18,2023-05-02 00:38:00,17.58588333,-0.0002840570015,-1.78806e-05
"B4",151,1.54,68,710,"mg O2",18,2023-05-02 00:38:00,17.58588333,-9.7321e-05,-1.740325e-05
"A1",148,0.93,63,710,"mg O2",18,2023-05-02 01:03:00,17.71845835,-0.0001235353481,-2.91845e-05
"A2",146,1.13,67,710,"mg O2",18,2023-05-02 01:03:00,17.71845835,-6.3126e-05,-1.997805e-05
"A3",152,1.42,68,710,"mg O2",18,2023-05-02 01:03:00,17.71845835,-0.0001093162856,-1.49605e-05
"A4",150,0.7,57,710,"mg O2",18,2023-05-02 01:03:00,17.71845835,-5.0308e-05,-1.869895e-05
"B1",147,1.1,61,710,"mg O2",18,2023-05-02 01:03:00,17.55581667,-0.0001029640281,-1.63099e-05
"B2",149,1.53,68,710,"mg O2",18,2023-05-02 01:03:00,17.55581667,-3.7956e-05,-1.65438e-05
"B3",145,1.29,69,710,"mg O2",18,2023-05-02 01:03:00,17.55581667,-0.0001030826268,-1.79244e-05
"B4",151,1.54,68,710,"mg O2",18,2023-05-02 01:03:00,17.55581667,-0.00011031732,-1.74865e-05
"A1",148,0.93,63,710,"mg O2",18,2023-05-02 01:28:00,17.69969994,-0.0001030687785,-2.946275e-05
"A2",146,1.13,67,710,"mg O2",18,2023-05-02 01:28:00,17.69969994,-8.0491e-05,-2.0117275e-05
"A3",152,1.42,68,710,"mg O2",18,2023-05-02 01:28:00,17.69969994,-0.000130296472,-1.509575e-05
"A4",150,0.7,57,710,"mg O2",18,2023-05-02 01:28:00,17.69969994,-7.2452e-05,-1.8898225e-05
"B1",147,1.1,61,710,"mg O2",18,2023-05-02 01:28:00,17.55469165,-0.000131130427,-1.648845e-05
"B2",149,1.53,68,710,"mg O2",18,2023-05-02 01:28:00,17.55469165,-8.9179e-05,-1.66699e-05
"B3",145,1.29,69,710,"mg O2",18,2023-05-02 01:28:00,17.55469165,-0.000111277244,-1.79682e-05
"B4",151,1.54,68,710,"mg O2",18,2023-05-02 01:28:00,17.55469165,-0.000108051757,-1.756975e-05
"A1",148,0.93,63,710,"mg O2",18,2023-05-02 01:53:00,17.71610831,-9.9382e-05,-2.9741e-05
"A2",146,1.13,67,710,"mg O2",18,2023-05-02 01:53:00,17.71610831,-8.4087e-05,-2.02565e-05
"A3",152,1.42,68,710,"mg O2",18,2023-05-02 01:53:00,17.71610831,-0.000112887086,-1.5231e-05
"A4",150,0.7,57,710,"mg O2",18,2023-05-02 01:53:00,17.71610831,-5.8847e-05,-1.90975e-05
"B1",147,1.1,61,710,"mg O2",18,2023-05-02 01:53:00,17.56456671,-0.0001459319123,-1.6667e-05
"B2",149,1.53,68,710,"mg O2",18,2023-05-02 01:53:00,17.56456671,-0.0001036178024,-1.6796e-05
"B3",145,1.29,69,710,"mg O2",18,2023-05-02 01:53:00,17.56456671,-7.9723e-05,-1.8012e-05
"B4",151,1.54,68,710,"mg O2",18,2023-05-02 01:53:00,17.56456671,-0.0002342932157,-1.7653e-05
"A1",148,0.93,63,710,"mg O2",18,2023-05-02 02:18:00,17.69887497,-0.0001042327658,-3.001925e-05
"A2",146,1.13,67,710,"mg O2",18,2023-05-02 02:18:00,17.69887497,-0.0001987164445,-2.0395725e-05
"A3",152,1.42,68,710,"mg O2",18,2023-05-02 02:18:00,17.69887497,-0.0001294079864,-1.536625e-05
"A4",150,0.7,57,710,"mg O2",18,2023-05-02 02:18:00,17.69887497,-7.1733e-05,-1.9296775e-05
"B1",147,1.1,61,710,"mg O2",18,2023-05-02 02:18:00,17.53466678,-0.0001797569524,-1.684555e-05
"B2",149,1.53,68,710,"mg O2",18,2023-05-02 02:18:00,17.53466678,-8.2473e-05,-1.69221e-05
"B3",145,1.29,69,710,"mg O2",18,2023-05-02 02:18:00,17.53466678,-9.1607e-05,-1.80558e-05
"B4",151,1.54,68,710,"mg O2",18,2023-05-02 02:18:00,17.53466678,-0.0001315676747,-1.773625e-05
"A1",148,0.93,63,710,"mg O2",18,2023-05-02 02:43:00,17.68859159,-8.3546e-05,-3.02975e-05
"A2",146,1.13,67,710,"mg O2",18,2023-05-02 02:43:00,17.68859159,-5.4419e-05,-2.053495e-05
"A3",152,1.42,68,710,"mg O2",18,2023-05-02 02:43:00,17.68859159,-0.000125486059,-1.55015e-05
"A4",150,0.7,57,710,"mg O2",18,2023-05-02 02:43:00,17.68859159,-4.4179e-05,-1.949605e-05
"B1",147,1.1,61,710,"mg O2",18,2023-05-02 02:43:00,17.53267501,-0.0001034497968,-1.70241e-05
"B2",149,1.53,68,710,"mg O2",18,2023-05-02 02:43:00,17.53267501,-5.508e-05,-1.70482e-05
"B3",145,1.29,69,710,"mg O2",18,2023-05-02 02:43:00,17.53267501,-6.3371e-05,-1.80996e-05
"B4",151,1.54,68,710,"mg O2",18,2023-05-02 02:43:00,17.53267501,-7.9814e-05,-1.78195e-05
"A1",148,0.93,63,710,"mg O2",18,2023-05-02 03:08:00,17.66525844,-5.4608e-05,-3.057575e-05
"A2",146,1.13,67,710,"mg O2",18,2023-05-02 03:08:00,17.66525844,-9.6736e-05,-2.0674175e-05
"A3",152,1.42,68,710,"mg O2",18,2023-05-02 03:08:00,17.66525844,-0.0001332820254,-1.563675e-05
"A4",150,0.7,57,710,"mg O2",18,2023-05-02 03:08:00,17.66525844,-7.6231e-05,-1.9695325e-05
"B1",147,1.1,61,710,"mg O2",18,2023-05-02 03:08:00,17.50949163,-0.0001711100693,-1.720265e-05
"B2",149,1.53,68,710,"mg O2",18,2023-05-02 03:08:00,17.50949163,-0.0001740769824,-1.71743e-05
"B3",145,1.29,69,710,"mg O2",18,2023-05-02 03:08:00,17.50949163,-0.000111504371,-1.81434e-05
"B4",151,1.54,68,710,"mg O2",18,2023-05-02 03:08:00,17.50949163,-0.000143163265,-1.790275e-05
"A1",148,0.93,63,710,"mg O2",18,2023-05-02 03:33:00,17.65154161,-0.0001398362481,-3.0854e-05
"A2",146,1.13,67,710,"mg O2",18,2023-05-02 03:33:00,17.65154161,-0.0001570733356,-2.08134e-05
"A3",152,1.42,68,710,"mg O2",18,2023-05-02 03:33:00,17.65154161,-0.0001358092524,-1.5772e-05
"A4",150,0.7,57,710,"mg O2",18,2023-05-02 03:33:00,17.65154161,-8.5214e-05,-1.98946e-05
"B1",147,1.1,61,710,"mg O2",18,2023-05-02 03:33:00,17.49275012,-0.0001537374786,-1.73812e-05
"B2",149,1.53,68,710,"mg O2",18,2023-05-02 03:33:00,17.49275012,-8.9613e-05,-1.73004e-05
"B3",145,1.29,69,710,"mg O2",18,2023-05-02 03:33:00,17.49275012,-0.0001075559656,-1.81872e-05
"B4",151,1.54,68,710,"mg O2",18,2023-05-02 03:33:00,17.49275012,-0.0001205202001,-1.7986e-05
"A1",148,0.93,63,710,"mg O2",18,2023-05-02 04:23:00,17.65535002,-6.6282e-05,-3.14105e-05
"A2",146,1.13,67,710,"mg O2",18,2023-05-02 04:23:00,17.65535002,-6.5585e-05,-2.109185e-05
"A3",152,1.42,68,710,"mg O2",18,2023-05-02 04:23:00,17.65535002,-0.0001006340134,-1.60425e-05
"A4",150,0.7,57,710,"mg O2",18,2023-05-02 04:23:00,17.65535002,-5.2137e-05,-2.029315e-05
"B1",147,1.1,61,710,"mg O2",18,2023-05-02 04:23:00,17.50175001,-0.0001116285172,-1.77383e-05
"B2",149,1.53,68,710,"mg O2",18,2023-05-02 04:23:00,17.50175001,-9.0327e-05,-1.75526e-05
"B3",145,1.29,69,710,"mg O2",18,2023-05-02 04:23:00,17.50175001,-8.2118e-05,-1.82748e-05
"B4",151,1.54,68,710,"mg O2",18,2023-05-02 04:23:00,17.50175001,-9.1813e-05,-1.81525e-05
"A1",148,0.93,63,710,"mg O2",18,2023-05-02 04:48:00,17.65904986,-0.0001141968632,-3.168875e-05
"A2",146,1.13,67,710,"mg O2",18,2023-05-02 04:48:00,17.65904986,-6.0318e-05,-2.1231075e-05
"A3",152,1.42,68,710,"mg O2",18,2023-05-02 04:48:00,17.65904986,-0.0001006219592,-1.617775e-05
"A4",150,0.7,57,710,"mg O2",18,2023-05-02 04:48:00,17.65904986,-6.0654e-05,-2.0492425e-05
"B1",147,1.1,61,710,"mg O2",18,2023-05-02 04:48:00,17.50885838,-0.0001042473273,-1.791685e-05
"B2",149,1.53,68,710,"mg O2",18,2023-05-02 04:48:00,17.50885838,-0.0001260997434,-1.76787e-05
"B3",145,1.29,69,710,"mg O2",18,2023-05-02 04:48:00,17.50885838,-8.5622e-05,-1.83186e-05
"B4",151,1.54,68,710,"mg O2",18,2023-05-02 04:48:00,17.50885838,-0.000100591554,-1.823575e-05
"A1",148,0.93,63,710,"mg O2",18,2023-05-02 05:13:00,17.66168334,-0.000111082807,-3.1967e-05
"A2",146,1.13,67,710,"mg O2",18,2023-05-02 05:13:00,17.66168334,-7.4775e-05,-2.13703e-05
"A3",152,1.42,68,710,"mg O2",18,2023-05-02 05:13:00,17.66168334,-0.0001086771025,-1.6313e-05
"A4",150,0.7,57,710,"mg O2",18,2023-05-02 05:13:00,17.66168334,-5.5291e-05,-2.06917e-05
"B1",147,1.1,61,710,"mg O2",18,2023-05-02 05:13:00,17.52309165,-0.0001231796304,-1.80954e-05
"B2",149,1.53,68,710,"mg O2",18,2023-05-02 05:13:00,17.52309165,-6.7794e-05,-1.78048e-05
"B3",145,1.29,69,710,"mg O2",18,2023-05-02 05:13:00,17.52309165,-0.0001066972039,-1.83624e-05
"B4",151,1.54,68,710,"mg O2",18,2023-05-02 05:13:00,17.52309165,-4.5833e-05,-1.8319e-05
"A1",148,0.93,63,710,"mg O2",18,2023-05-02 05:38:00,17.65809999,1.5348e-05,-3.224525e-05
"A2",146,1.13,67,710,"mg O2",18,2023-05-02 05:38:00,17.65809999,2.8727e-05,-2.1509525e-05
"A3",152,1.42,68,710,"mg O2",18,2023-05-02 05:38:00,17.65809999,-1.0065e-06,-1.644825e-05
"A4",150,0.7,57,710,"mg O2",18,2023-05-02 05:38:00,17.65809999,3.8887e-05,-2.0890975e-05
"B1",147,1.1,61,710,"mg O2",18,2023-05-02 05:38:00,17.52082496,-9.9932e-05,-1.827395e-05
"B2",149,1.53,68,710,"mg O2",18,2023-05-02 05:38:00,17.52082496,-2.4746e-05,-1.79309e-05
"B3",145,1.29,69,710,"mg O2",18,2023-05-02 05:38:00,17.52082496,-6.3846e-05,-1.84062e-05
"B4",151,1.54,68,710,"mg O2",18,2023-05-02 05:38:00,17.52082496,-5.6443e-05,-1.840225e-05
"A1",148,0.93,63,710,"mg O2",18,2023-05-02 06:03:00,17.69060833,-2.5857e-05,-3.25235e-05
"A2",146,1.13,67,710,"mg O2",18,2023-05-02 06:03:00,17.69060833,-8.5013e-05,-2.164875e-05
"A3",152,1.42,68,710,"mg O2",18,2023-05-02 06:03:00,17.69060833,-0.0001226482507,-1.65835e-05
"A4",150,0.7,57,710,"mg O2",18,2023-05-02 06:03:00,17.69060833,-5.2141e-05,-2.109025e-05
"B1",147,1.1,61,710,"mg O2",18,2023-05-02 06:03:00,17.54845834,-9.7984e-05,-1.84525e-05
"B2",149,1.53,68,710,"mg O2",18,2023-05-02 06:03:00,17.54845834,-3.2187e-05,-1.8057e-05
"B3",145,1.29,69,710,"mg O2",18,2023-05-02 06:03:00,17.54845834,-6.1658e-05,-1.845e-05
"B4",151,1.54,68,710,"mg O2",18,2023-05-02 06:03:00,17.54845834,-3.8945e-05,-1.84855e-05
"A1",148,0.93,63,710,"mg O2",18,2023-05-02 06:28:00,17.70602492,-0.0001604376066,-3.280175e-05
"A2",146,1.13,67,710,"mg O2",18,2023-05-02 06:28:00,17.70602492,-0.0001433559799,-2.1787975e-05
"A3",152,1.42,68,710,"mg O2",18,2023-05-02 06:28:00,17.70602492,-0.0001444790475,-1.671875e-05
"A4",150,0.7,57,710,"mg O2",18,2023-05-02 06:28:00,17.70602492,-9.4541e-05,-2.1289525e-05
"B1",147,1.1,61,710,"mg O2",18,2023-05-02 06:28:00,17.55537507,-0.0001373467532,-1.863105e-05
"B2",149,1.53,68,710,"mg O2",18,2023-05-02 06:28:00,17.55537507,-9.7067e-05,-1.81831e-05
"B3",145,1.29,69,710,"mg O2",18,2023-05-02 06:28:00,17.55537507,-0.0001115607762,-1.84938e-05
"B4",151,1.54,68,710,"mg O2",18,2023-05-02 06:28:00,17.55537507,-0.0001145827985,-1.856875e-05
"A1",148,0.93,63,710,"mg O2",18,2023-05-02 06:53:00,17.71370826,-0.0002018412334,-3.308e-05
"A2",146,1.13,67,710,"mg O2",18,2023-05-02 06:53:00,17.71370826,-0.0002048091161,-2.19272e-05
"A3",152,1.42,68,710,"mg O2",18,2023-05-02 06:53:00,17.71370826,-0.0001990027278,-1.6854e-05
"A4",150,0.7,57,710,"mg O2",18,2023-05-02 06:53:00,17.71370826,-0.0001240128785,-2.14888000000001e-05
"B1",147,1.1,61,710,"mg O2",18,2023-05-02 06:53:00,17.55073331,-0.000236475674,-1.88096e-05
"B2",149,1.53,68,710,"mg O2",18,2023-05-02 06:53:00,17.55073331,-0.0002065167875,-1.83092e-05
"B3",145,1.29,69,710,"mg O2",18,2023-05-02 06:53:00,17.55073331,-0.0004125796231,-1.85376e-05
"B4",151,1.54,68,710,"mg O2",18,2023-05-02 06:53:00,17.55073331,-0.0001752977343,-1.8652e-05
"A1",148,0.93,63,710,"mg O2",18,2023-05-02 07:18:00,17.7377334,-0.000110175662,-3.335825e-05
"A2",146,1.13,67,710,"mg O2",18,2023-05-02 07:18:00,17.7377334,-0.0002410320783,-2.2066425e-05
"A3",152,1.42,68,710,"mg O2",18,2023-05-02 07:18:00,17.7377334,-0.0002333125871,-1.698925e-05
"A4",150,0.7,57,710,"mg O2",18,2023-05-02 07:18:00,17.7377334,-0.0001118317212,-2.16880750000001e-05
"B1",147,1.1,61,710,"mg O2",18,2023-05-02 07:18:00,17.59661663,-0.0002150568103,-1.898815e-05
"B2",149,1.53,68,710,"mg O2",18,2023-05-02 07:18:00,17.59661663,-0.0001722813295,-1.84353e-05
"B3",145,1.29,69,710,"mg O2",18,2023-05-02 07:18:00,17.59661663,-0.0003612903791,-1.85814e-05
"B4",151,1.54,68,710,"mg O2",18,2023-05-02 07:18:00,17.59661663,-0.0002959467,-1.873525e-05
"A1",148,0.93,63,710,"mg O2",18,2023-05-02 07:43:00,17.74374997,-0.0001074288172,-3.36365e-05
"A2",146,1.13,67,710,"mg O2",18,2023-05-02 07:43:00,17.74374997,-9.7246e-05,-2.220565e-05
"A3",152,1.42,68,710,"mg O2",18,2023-05-02 07:43:00,17.74374997,-0.0001682816956,-1.71245e-05
"A4",150,0.7,57,710,"mg O2",18,2023-05-02 07:43:00,17.74374997,-7.5863e-05,-2.18873500000001e-05
"B1",147,1.1,61,710,"mg O2",18,2023-05-02 07:43:00,17.60618339,-0.0002775592509,-1.91667e-05
"B2",149,1.53,68,710,"mg O2",18,2023-05-02 07:43:00,17.60618339,-0.0001227833215,-1.85614e-05
"B3",145,1.29,69,710,"mg O2",18,2023-05-02 07:43:00,17.60618339,-0.0002302042682,-1.86252e-05
"B4",151,1.54,68,710,"mg O2",18,2023-05-02 07:43:00,17.60618339,-0.000137396496,-1.88185e-05
"A1",148,0.93,63,710,"mg O2",18,2023-05-02 08:08:00,17.75212506,-0.0001206378302,-3.391475e-05
"A2",146,1.13,67,710,"mg O2",18,2023-05-02 08:08:00,17.75212506,-0.000234061674,-2.2344875e-05
"A3",152,1.42,68,710,"mg O2",18,2023-05-02 08:08:00,17.75212506,-0.0001288314227,-1.725975e-05
"A4",150,0.7,57,710,"mg O2",18,2023-05-02 08:08:00,17.75212506,-9.5866e-05,-2.20866250000001e-05
"B1",147,1.1,61,710,"mg O2",18,2023-05-02 08:08:00,17.61365002,-0.0001473911873,-1.934525e-05
"B2",149,1.53,68,710,"mg O2",18,2023-05-02 08:08:00,17.61365002,-0.0001209381048,-1.86875e-05
"B3",145,1.29,69,710,"mg O2",18,2023-05-02 08:08:00,17.61365002,-0.0002403726568,-1.8669e-05
"B4",151,1.54,68,710,"mg O2",18,2023-05-02 08:08:00,17.61365002,-0.0001793222089,-1.890175e-05
"A1",148,0.93,63,710,"mg O2",18,2023-05-02 08:33:00,17.77354156,-0.0001519161531,-3.4193e-05
"A2",146,1.13,67,710,"mg O2",18,2023-05-02 08:33:00,17.77354156,-8.2596e-05,-2.24841e-05
"A3",152,1.42,68,710,"mg O2",18,2023-05-02 08:33:00,17.77354156,-0.0001312963132,-1.7395e-05
"A4",150,0.7,57,710,"mg O2",18,2023-05-02 08:33:00,17.77354156,-6.4106e-05,-2.22859000000001e-05
"B1",147,1.1,61,710,"mg O2",18,2023-05-02 08:33:00,17.64714168,-0.0001562194114,-1.95238e-05
"B2",149,1.53,68,710,"mg O2",18,2023-05-02 08:33:00,17.64714168,-0.000125228424,-1.88136e-05
"B3",145,1.29,69,710,"mg O2",18,2023-05-02 08:33:00,17.64714168,-0.0001490824882,-1.87128e-05
"B4",151,1.54,68,710,"mg O2",18,2023-05-02 08:33:00,17.64714168,-0.000294776864,-1.8985e-05
"A1",148,0.93,63,710,"mg O2",18,2023-05-02 09:23:00,17.81764162,-0.0001386642472,-3.47495e-05
"A2",146,1.13,67,710,"mg O2",18,2023-05-02 09:23:00,17.81764162,-7.2238e-05,-2.276255e-05
"A3",152,1.42,68,710,"mg O2",18,2023-05-02 09:23:00,17.81764162,-0.0001027803991,-1.76655e-05
"A4",150,0.7,57,710,"mg O2",18,2023-05-02 09:23:00,17.81764162,-4.9594e-05,-2.26844500000001e-05
"B1",147,1.1,61,710,"mg O2",18,2023-05-02 09:23:00,17.68664989,-7.9605e-05,-1.98809e-05
"B2",149,1.53,68,710,"mg O2",18,2023-05-02 09:23:00,17.68664989,-4.396e-05,-1.90658e-05
"B3",145,1.29,69,710,"mg O2",18,2023-05-02 09:23:00,17.68664989,-0.000102912098,-1.88004e-05
"B4",151,1.54,68,710,"mg O2",18,2023-05-02 09:23:00,17.68664989,-5.8697e-05,-1.91515e-05
"A1",148,0.93,63,710,"mg O2",18,2023-05-02 09:48:00,17.82718331,-8.7908e-05,-3.502775e-05
"A2",146,1.13,67,710,"mg O2",18,2023-05-02 09:48:00,17.82718331,-8.4788e-05,-2.29017749999999e-05
"A3",152,1.42,68,710,"mg O2",18,2023-05-02 09:48:00,17.82718331,-0.0001495132324,-1.780075e-05
"A4",150,0.7,57,710,"mg O2",18,2023-05-02 09:48:00,17.82718331,-6.8047e-05,-2.28837250000001e-05
"B1",147,1.1,61,710,"mg O2",18,2023-05-02 09:48:00,17.70470823,-0.0001360064171,-2.005945e-05
"B2",149,1.53,68,710,"mg O2",18,2023-05-02 09:48:00,17.70470823,-0.0001945181867,-1.91919e-05
"B3",145,1.29,69,710,"mg O2",18,2023-05-02 09:48:00,17.70470823,-0.0003055702218,-1.88442e-05
"B4",151,1.54,68,710,"mg O2",18,2023-05-02 09:48:00,17.70470823,-0.0001692453487,-1.923475e-05
"A1",148,0.93,63,710,"mg O2",18,2023-05-02 10:13:00,17.85869176,-0.0002200406844,-3.5306e-05
"A2",146,1.13,67,710,"mg O2",18,2023-05-02 10:13:00,17.85869176,-0.0001731275771,-2.3041e-05
"A3",152,1.42,68,710,"mg O2",18,2023-05-02 10:13:00,17.85869176,-0.0001654659048,-1.7936e-05
"A4",150,0.7,57,710,"mg O2",18,2023-05-02 10:13:00,17.85869176,-6.5604e-05,-2.3083e-05
"B1",147,1.1,61,710,"mg O2",18,2023-05-02 10:13:00,17.72563341,-0.0002235870722,-2.0238e-05
"B2",149,1.53,68,710,"mg O2",18,2023-05-02 10:13:00,17.72563341,-0.000102222107,-1.9318e-05
"B3",145,1.29,69,710,"mg O2",18,2023-05-02 10:13:00,17.72563341,-0.0001101774275,-1.8888e-05
"B4",151,1.54,68,710,"mg O2",18,2023-05-02 10:13:00,17.72563341,-0.0002751524611,-1.9318e-05
