Date,Fish_Num,Rack,Bin,Rack_Bin,Mass_g,Length_mm,TagID,Month
5/04/2023,1,1,6,1.6,0.946,60,YL,0
2/05/2023,1,1,6,1.6,1.05,63,YL,1
27/05/2023,1,1,6,1.6,1.65,69,YL,2
20/06/2023,1,1,6,1.6,2.66,78,YL,3
5/04/2023,2,1,6,1.6,1.879,79,YR,0
2/05/2023,2,1,6,1.6,2.51,78,YR,1
27/05/2023,2,1,6,1.6,3.18,84,YR,2
20/06/2023,2,1,6,1.6,4.74,93,YR,3
5/04/2023,3,1,6,1.6,2.035,76,BrL,0
2/05/2023,3,1,6,1.6,1.81,74,BrL,1
27/05/2023,3,1,6,1.6,2.29,77,BrL,2
20/06/2023,3,1,6,1.6,2.73,81,BrL,3
5/04/2023,4,1,6,1.6,1.76,77,BrR,0
2/05/2023,4,1,6,1.6,1.63,77,BrR,1
27/05/2023,4,1,6,1.6,2.12,79,BrR,2
20/06/2023,4,1,6,1.6,2.56,84,BrR,3
5/04/2023,5,1,6,1.6,1.235,65,RL,0
2/05/2023,5,1,6,1.6,1.13,64,RL,1
27/05/2023,5,1,6,1.6,1.23,68,RL,2
20/06/2023,5,1,6,1.6,2.47,76,RL,3
5/04/2023,6,1,6,1.6,1.382,67,RR,0
2/05/2023,6,1,6,1.6,1.3,68,RR,1
27/05/2023,6,1,6,1.6,2.46,79,RR,2
20/06/2023,6,1,6,1.6,4.38,90,RR,3
5/04/2023,7,1,6,1.6,1.899,71,BL,0
2/05/2023,7,1,6,1.6,1.51,69,BL,1
27/05/2023,7,1,6,1.6,1.72,72,BL,2
20/06/2023,7,1,6,1.6,3.07,80,BL,3
5/04/2023,8,1,6,1.6,1.977,76,BR,0
2/05/2023,8,1,6,1.6,2.38,76,BR,1
27/05/2023,8,1,6,1.6,3.01,80,BR,2
20/06/2023,8,1,6,1.6,4.02,90,BR,3
5/04/2023,9,1,7,1.7,1.182,68,YL,0
3/05/2023,9,1,7,1.7,1.57,67,YL,1
27/05/2023,9,1,7,1.7,1.56,69,YL,2
20/06/2023,9,1,7,1.7,2.39,77,YL,3
5/04/2023,10,1,7,1.7,1.039,61,YR,0
3/05/2023,10,1,7,1.7,1.11,61,YR,1
27/05/2023,10,1,7,1.7,1.33,67,YR,2
20/06/2023,10,1,7,1.7,2.01,71,YR,3
5/04/2023,11,1,7,1.7,2.325,77,BrL,0
3/05/2023,11,1,7,1.7,2.42,78,BrL,1
27/05/2023,11,1,7,1.7,2.92,80,BrL,2
20/06/2023,11,1,7,1.7,3.37,84,BrL,3
5/04/2023,12,1,7,1.7,1.086,64,BrR,0
3/05/2023,12,1,7,1.7,1.36,64,BrR,1
27/05/2023,12,1,7,1.7,2.26,74,BrR,2
20/06/2023,12,1,7,1.7,2.79,78,BrR,3
5/04/2023,13,1,7,1.7,0.65,55,RL,0
3/05/2023,13,1,7,1.7,0.85,57,RL,1
27/05/2023,13,1,7,1.7,1.28,63,RL,2
20/06/2023,13,1,7,1.7,1.95,72,RL,3
5/04/2023,14,1,7,1.7,1.747,74,RR,0
3/05/2023,14,1,7,1.7,1.87,74,RR,1
27/05/2023,14,1,7,1.7,2.04,75,RR,2
20/06/2023,14,1,7,1.7,2.47,79,RR,3
5/04/2023,15,1,7,1.7,1.342,67,BL,0
3/05/2023,15,1,7,1.7,1.55,68,BL,1
27/05/2023,15,1,7,1.7,1.76,72,BL,2
20/06/2023,15,1,7,1.7,2.18,76,BL,3
5/04/2023,16,1,7,1.7,1.801,74,BR,0
3/05/2023,16,1,7,1.7,2.19,76,BR,1
27/05/2023,16,1,7,1.7,2.6,80,BR,2
20/06/2023,16,1,7,1.7,3.02,79,BR,3
5/04/2023,17,1,8,1.8,2.049,77,YL,0
2/05/2023,17,1,8,1.8,2.06,76,YL,1
28/05/2023,17,1,8,1.8,2.14,79,YL,2
21/06/2023,17,1,8,1.8,2.78,85,YL,3
5/04/2023,18,1,8,1.8,0.835,64,YR,0
2/05/2023,18,1,8,1.8,1.85,69,YR,1
28/05/2023,18,1,8,1.8,3.12,83,YR,2
21/06/2023,18,1,8,1.8,4.79,93,YR,3
5/04/2023,19,1,8,1.8,0.571,54,BrL,0
7/05/2023,19,1,8,1.8,0.83,60,BrL,1
28/05/2023,19,1,8,1.8,0.95,64,BrL,2
5/04/2023,20,1,8,1.8,2.225,76,BrR,0
2/05/2023,20,1,8,1.8,2.31,76,BrR,1
28/05/2023,20,1,8,1.8,2.86,79,BrR,2
21/06/2023,20,1,8,1.8,3.47,85,BrR,3
5/04/2023,21,1,8,1.8,1.627,70,RL,0
2/05/2023,21,1,8,1.8,1.82,71,RL,1
28/05/2023,21,1,8,1.8,1.84,76,RL,2
21/06/2023,21,1,8,1.8,2.42,84,RL,3
5/04/2023,22,1,8,1.8,2.588,78,RR,0
2/05/2023,22,1,8,1.8,2.6,79,RR,1
28/05/2023,22,1,8,1.8,2.89,84,RR,2
21/06/2023,22,1,8,1.8,3.34,88,RR,3
5/04/2023,23,1,8,1.8,2.188,76,BL,0
2/05/2023,23,1,8,1.8,2.02,78,BL,1
28/05/2023,23,1,8,1.8,2.6,81,BL,2
21/06/2023,23,1,8,1.8,3.46,88,BL,3
5/04/2023,24,1,8,1.8,1.443,70,BR,0
2/05/2023,24,1,8,1.8,1.34,68,BR,1
28/05/2023,24,1,8,1.8,1.55,71,BR,2
21/06/2023,24,1,8,1.8,2.1,78,BR,3
5/04/2023,25,1,9,1.9,2.116,75,YL,0
3/05/2023,25,1,9,1.9,1.82,74,YL,1
28/05/2023,25,1,9,1.9,2.28,71,YL,2
21/06/2023,25,1,9,1.9,2.71,79,YL,3
5/04/2023,26,1,9,1.9,1.071,62,YR,0
7/05/2023,26,1,9,1.9,1.2,63,YR,1
28/05/2023,26,1,9,1.9,1.34,66,YR,2
5/04/2023,27,1,9,1.9,0.938,60,BrL,0
3/05/2023,27,1,9,1.9,1.4,66,BrL,1
28/05/2023,27,1,9,1.9,3.08,82,BrL,2
21/06/2023,27,1,9,1.9,4.19,89,BrL,3
5/04/2023,28,1,9,1.9,2.681,85,BrR,0
3/05/2023,28,1,9,1.9,2.94,82,BrR,1
28/05/2023,28,1,9,1.9,4.26,91,BrR,2
21/06/2023,28,1,9,1.9,5.56,97,BrR,3
5/04/2023,29,1,9,1.9,1.092,61,RL,0
3/05/2023,29,1,9,1.9,1.16,60,RL,1
28/05/2023,29,1,9,1.9,1.52,67,RL,2
21/06/2023,29,1,9,1.9,2.77,77,RL,3
5/04/2023,30,1,9,1.9,2.183,77,RR,0
3/05/2023,30,1,9,1.9,2.45,77,RR,1
21/06/2023,30,1,9,1.9,3.16,80,RR,3
5/04/2023,31,1,9,1.9,1.768,72,BL,0
3/05/2023,31,1,9,1.9,2.05,74,BL,1
28/05/2023,31,1,9,1.9,3.31,80,BL,2
21/06/2023,31,1,9,1.9,4.19,85,BL,3
5/04/2023,32,1,9,1.9,1.125,61,BR,0
3/05/2023,32,1,9,1.9,0.79,59,BR,1
28/05/2023,32,1,9,1.9,1.04,67,BR,2
24/06/2023,32,1,9,1.9,1.66,74,BR,3
5/04/2023,33,1,10,1.1,1.778,72,YL,0
4/05/2023,33,1,10,1.1,1.64,71,YL,1
29/05/2023,33,1,10,1.1,2.17,75,YL,2
22/06/2023,33,1,10,1.1,2.62,79,YL,3
5/04/2023,34,1,10,1.1,0.615,58,YR,0
4/05/2023,34,1,10,1.1,0.81,59,YR,1
29/05/2023,34,1,10,1.1,1.91,75,YR,2
22/06/2023,34,1,10,1.1,4.83,93,YR,3
5/04/2023,35,1,10,1.1,2.683,84,BrL,0
4/05/2023,35,1,10,1.1,2.81,84,BrL,1
29/05/2023,35,1,10,1.1,3.45,89,BrL,2
22/06/2023,35,1,10,1.1,3.5,92,BrL,3
5/04/2023,36,1,10,1.1,0.434,49,BrR,0
7/05/2023,36,1,10,1.1,0.44,50,BrR,1
29/05/2023,36,1,10,1.1,0.79,58,BrR,2
5/04/2023,37,1,10,1.1,1.765,75,RL,0
4/05/2023,37,1,10,1.1,2.32,79,RL,1
29/05/2023,37,1,10,1.1,4.38,92,RL,2
22/06/2023,37,1,10,1.1,5.02,97,RL,3
5/04/2023,38,1,10,1.1,0.983,63,RR,0
4/05/2023,38,1,10,1.1,0.88,63,RR,1
29/05/2023,38,1,10,1.1,1.26,67,RR,2
22/06/2023,38,1,10,1.1,2.21,76,RR,3
5/04/2023,39,1,10,1.1,1.807,75,BL,0
4/05/2023,39,1,10,1.1,1.72,74,BL,1
29/05/2023,39,1,10,1.1,2.03,75,BL,2
22/06/2023,39,1,10,1.1,2.3,78,BL,3
5/04/2023,40,1,10,1.1,1.084,61,BR,0
4/05/2023,40,1,10,1.1,1.06,62,BR,1
5/04/2023,41,1,11,1.11,2.065,74,YL,0
4/05/2023,41,1,11,1.11,1.97,74,YL,1
29/05/2023,41,1,11,1.11,1.87,75,YL,2
22/06/2023,41,1,11,1.11,2.97,82,YL,3
5/04/2023,42,1,11,1.11,0.875,59,YR,0
4/05/2023,42,1,11,1.11,1.7,67,YR,1
29/05/2023,42,1,11,1.11,3.66,83,YR,2
22/06/2023,42,1,11,1.11,5.1,92,YR,3
5/04/2023,43,1,11,1.11,1.268,69,BrL,0
4/05/2023,43,1,11,1.11,2.36,77,BrL,1
29/05/2023,43,1,11,1.11,2.8,80,BrL,2
22/06/2023,43,1,11,1.11,3.36,84,BrL,3
5/04/2023,44,1,11,1.11,1.683,71,BrR,0
4/05/2023,44,1,11,1.11,2.14,74,BrR,1
29/05/2023,44,1,11,1.11,2.33,73,BrR,2
22/06/2023,44,1,11,1.11,3.93,87,BrR,3
5/04/2023,45,1,11,1.11,1.457,71,RL,0
4/05/2023,45,1,11,1.11,2.14,74,RL,1
29/05/2023,45,1,11,1.11,2.08,74,RL,2
22/06/2023,45,1,11,1.11,3.49,83,RL,3
5/04/2023,46,1,11,1.11,1.624,71,RR,0
4/05/2023,46,1,11,1.11,1.59,70,RR,1
29/05/2023,46,1,11,1.11,1.67,69,RR,2
22/06/2023,46,1,11,1.11,1.76,70,RR,3
5/04/2023,47,1,11,1.11,0.95,60,BL,0
4/05/2023,47,1,11,1.11,1.1,62,BL,1
29/05/2023,47,1,11,1.11,1.03,63,BL,2
22/06/2023,47,1,11,1.11,1.52,69,BL,3
5/04/2023,48,1,11,1.11,1.234,67,BR,0
4/05/2023,48,1,11,1.11,1.59,67,BR,1
29/05/2023,48,1,11,1.11,1.56,70,BR,2
22/06/2023,48,1,11,1.11,3.18,80,BR,3
5/04/2023,49,1,12,1.12,0.859,61,YL,0
6/05/2023,49,1,12,1.12,1.14,65,YL,1
30/05/2023,49,1,12,1.12,3.36,85,YL,2
23/06/2023,49,1,12,1.12,5.83,95,YL,3
5/04/2023,50,1,12,1.12,2.392,80,YR,0
6/05/2023,50,1,12,1.12,1.94,78,YR,1
5/04/2023,51,1,12,1.12,2.213,76,BrL,0
6/05/2023,51,1,12,1.12,2.43,77,BrL,1
30/05/2023,51,1,12,1.12,3.3,84,BrL,2
23/06/2023,51,1,12,1.12,5.22,91,BrL,3
5/04/2023,52,1,12,1.12,1.646,69,BrR,0
6/05/2023,52,1,12,1.12,1.99,72,BrR,1
30/05/2023,52,1,12,1.12,2.75,78,BrR,2
23/06/2023,52,1,12,1.12,3.02,77,BrR,3
13/04/2023,53,1,12,1.12,1.139,64,RL,0
6/05/2023,53,1,12,1.12,1.06,66,RL,1
30/05/2023,53,1,12,1.12,1.59,73,RL,2
23/06/2023,53,1,12,1.12,3.02,80,RL,3
5/04/2023,54,1,12,1.12,1.587,69,RR,0
6/05/2023,54,1,12,1.12,2.28,76,RR,1
30/05/2023,54,1,12,1.12,4.42,89,RR,2
23/06/2023,54,1,12,1.12,6.76,102,RR,3
5/04/2023,55,1,12,1.12,1.965,74,BL,0
6/05/2023,55,1,12,1.12,1.77,71,BL,1
30/05/2023,55,1,12,1.12,2.37,78,BL,2
23/06/2023,55,1,12,1.12,3.18,82,BL,3
5/04/2023,56,1,12,1.12,0.833,60,BR,0
6/05/2023,56,1,12,1.12,1,60,BR,1
30/05/2023,56,1,12,1.12,2.03,76,BR,2
23/06/2023,56,1,12,1.12,4.14,88,BR,3
5/04/2023,57,1,13,1.13,1.048,63,YL,0
6/05/2023,57,1,13,1.13,0.65,59,YL,1
30/05/2023,57,1,13,1.13,0.88,60,YL,2
23/06/2023,57,1,13,1.13,0.88,64,YL,3
5/04/2023,58,1,13,1.13,0.872,59,YR,0
6/05/2023,58,1,13,1.13,1.56,68,YR,1
30/05/2023,58,1,13,1.13,1.85,73,YR,2
23/06/2023,58,1,13,1.13,2.91,84,YR,3
5/04/2023,59,1,13,1.13,1.151,64,BrL,0
6/05/2023,59,1,13,1.13,1.17,66,BrL,1
30/05/2023,59,1,13,1.13,1.28,67,BrL,2
23/06/2023,59,1,13,1.13,2.94,85,BrL,3
5/04/2023,60,1,13,1.13,1.331,69,BrR,0
6/05/2023,60,1,13,1.13,2.44,80,BrR,1
30/05/2023,60,1,13,1.13,3.57,87,BrR,2
23/06/2023,60,1,13,1.13,6.81,104,BrR,3
5/04/2023,61,1,13,1.13,0.632,55,RL,0
7/05/2023,61,1,13,1.13,0.75,58,RL,1
30/05/2023,61,1,13,1.13,0.85,60,RL,2
23/06/2023,61,1,13,1.13,1.09,83,RL,3
5/04/2023,62,1,13,1.13,1.213,65,RR,0
6/05/2023,62,1,13,1.13,1.99,74,RR,1
30/05/2023,62,1,13,1.13,3.57,84,RR,2
23/06/2023,62,1,13,1.13,5.61,95,RR,3
5/04/2023,63,1,13,1.13,0.849,57,BL,0
6/05/2023,63,1,13,1.13,0.88,58,BL,1
30/05/2023,63,1,13,1.13,1.28,67,BL,2
23/06/2023,63,1,13,1.13,3.21,81,BL,3
5/04/2023,64,1,13,1.13,2.648,76,BR,0
6/05/2023,64,1,13,1.13,2.22,77,BR,1
30/05/2023,64,1,13,1.13,2.35,80,BR,2
23/06/2023,64,1,13,1.13,3.66,84,BR,3
5/04/2023,65,1,14,1.14,1.769,70,YL,0
7/05/2023,65,1,14,1.14,2.24,74,YL,1
13/04/2023,66,1,14,1.14,1.869,76,YR,0
7/05/2023,66,1,14,1.14,1.88,75,YR,1
13/04/2023,67,1,14,1.14,1.611,71,BrL,0
7/05/2023,67,1,14,1.14,1.41,71,BrL,1
13/04/2023,68,1,14,1.14,1.75,75,BrR,0
7/05/2023,68,1,14,1.14,1.71,74,BrR,1
31/05/2023,68,1,14,1.14,2.04,79,BrR,2
24/06/2023,68,1,14,1.14,2.45,79,BrR,3
5/04/2023,69,1,14,1.14,1.665,69,RL,0
7/05/2023,69,1,14,1.14,1.39,69,RL,1
31/05/2023,69,1,14,1.14,1.5,72,RL,2
24/06/2023,69,1,14,1.14,2.22,76,RL,3
13/04/2023,70,1,14,1.14,1.678,69,RR,0
7/05/2023,70,1,14,1.14,1.77,72,RR,1
31/05/2023,70,1,14,1.14,1.58,72,RR,2
24/06/2023,70,1,14,1.14,3.01,80,RR,3
5/04/2023,71,1,14,1.14,1.684,69,BL,0
7/05/2023,71,1,14,1.14,1.78,70,BL,1
5/04/2023,73,1,15,1.15,2.177,80,YL,0
8/05/2023,73,1,15,1.15,2.45,79,YL,1
31/05/2023,73,1,15,1.15,2.95,82,YL,2
24/06/2023,73,1,15,1.15,2.17,80,YL,3
13/04/2023,74,1,15,1.15,2.324,78,YR,0
8/05/2023,74,1,15,1.15,2.36,79,YR,1
31/05/2023,74,1,15,1.15,2.9,82,YR,2
24/06/2023,74,1,15,1.15,3.22,83,YR,3
5/04/2023,75,1,15,1.15,1.826,72,BrL,0
8/05/2023,75,1,15,1.15,1.83,72,BrL,1
31/05/2023,75,1,15,1.15,2.36,77,BrL,2
24/06/2023,75,1,15,1.15,2.81,77,BrL,3
5/04/2023,76,1,15,1.15,2.565,79,BrR,0
8/05/2023,76,1,15,1.15,3.9,85,BrR,1
31/05/2023,76,1,15,1.15,5.18,93,BrR,2
24/06/2023,76,1,15,1.15,5.73,91,BrR,3
5/04/2023,77,1,15,1.15,2.668,79,RL,0
8/05/2023,77,1,15,1.15,3.25,80,RL,1
31/05/2023,77,1,15,1.15,5.14,97,RL,2
24/06/2023,77,1,15,1.15,6.1,95,RL,3
5/04/2023,78,1,15,1.15,1.056,64,RR,0
8/05/2023,78,1,15,1.15,1.03,64,RR,1
31/05/2023,78,1,15,1.15,1.73,71,RR,2
5/04/2023,79,1,15,1.15,2.552,80,BL,0
8/05/2023,79,1,15,1.15,2.21,79,BL,1
31/05/2023,79,1,15,1.15,2.62,81,BL,2
24/06/2023,79,1,15,1.15,2.89,82,BL,3
5/04/2023,80,1,15,1.15,2.608,80,BR,0
8/05/2023,80,1,15,1.15,2.28,79,BR,1
31/05/2023,80,1,15,1.15,2.93,81,BR,2
24/06/2023,80,1,15,1.15,3.76,84,BR,3
5/04/2023,81,3,6,3.6,1.821,73,YL,0
27/04/2023,81,3,6,3.6,1.93,71,YL,1
22/05/2023,81,3,6,3.6,2.65,77,YL,2
15/06/2023,81,3,6,3.6,3.62,86,YL,3
5/04/2023,82,3,6,3.6,1.255,60,YR,0
27/04/2023,82,3,6,3.6,0.74,60,YR,1
22/05/2023,82,3,6,3.6,0.81,62,YR,2
15/06/2023,82,3,6,3.6,1.2,66,YR,3
5/04/2023,83,3,6,3.6,1.098,73,BrL,0
27/04/2023,83,3,6,3.6,1.43,72,BrL,1
22/05/2023,83,3,6,3.6,1.78,73,BrL,2
15/06/2023,83,3,6,3.6,1.95,75,BrL,3
5/04/2023,84,3,6,3.6,2.248,75,BrR,0
27/04/2023,84,3,6,3.6,2.1,76,BrR,1
22/05/2023,84,3,6,3.6,2.73,78,BrR,2
15/06/2023,84,3,6,3.6,2.47,79,BrR,3
5/04/2023,85,3,6,3.6,1.884,76,RL,0
27/04/2023,85,3,6,3.6,1.75,75,RL,1
22/05/2023,85,3,6,3.6,2.29,80,RL,2
15/06/2023,85,3,6,3.6,3.8,88,RL,3
5/04/2023,86,3,6,3.6,0.873,63,RR,0
27/04/2023,86,3,6,3.6,0.78,59,RR,1
22/05/2023,86,3,6,3.6,0.98,64,RR,2
15/06/2023,86,3,6,3.6,2.04,75,RR,3
5/04/2023,87,3,6,3.6,2.669,82,BL,0
27/04/2023,87,3,6,3.6,2.28,80,BL,1
22/05/2023,87,3,6,3.6,2.04,80,BL,2
15/06/2023,87,3,6,3.6,2.15,81,BL,3
5/04/2023,88,3,6,3.6,2.072,76,BR,0
27/04/2023,88,3,6,3.6,2.18,76,BR,1
22/05/2023,88,3,6,3.6,2.43,77,BR,2
15/06/2023,88,3,6,3.6,2.43,80,BR,3
5/04/2023,89,3,7,3.7,2.136,75,YL,0
27/04/2023,89,3,7,3.7,2.24,78,YL,1
22/05/2023,89,3,7,3.7,2.31,78,YL,2
15/06/2023,89,3,7,3.7,3.07,82,YL,3
5/04/2023,90,3,7,3.7,1.592,64,YR,0
27/04/2023,90,3,7,3.7,1.23,64,YR,1
22/05/2023,90,3,7,3.7,1.65,68,YR,2
15/06/2023,90,3,7,3.7,2.61,77,YR,3
5/04/2023,91,3,7,3.7,2.254,76,BrL,0
27/04/2023,91,3,7,3.7,2.02,73,BrL,1
5/04/2023,92,3,7,3.7,0.928,58,BrR,0
27/04/2023,92,3,7,3.7,0.68,58,BrR,1
5/04/2023,93,3,7,3.7,1.488,66,RL,0
27/04/2023,93,3,7,3.7,1.22,66,RL,1
5/04/2023,94,3,7,3.7,1.578,73,RR,0
27/04/2023,94,3,7,3.7,1.99,73,RR,1
22/05/2023,94,3,7,3.7,1.86,73,RR,2
15/06/2023,94,3,7,3.7,2.1,74,RR,3
5/04/2023,95,3,7,3.7,2.962,85,BL,0
27/04/2023,95,3,7,3.7,2.83,83,BL,1
22/05/2023,95,3,7,3.7,2.59,83,BL,2
15/06/2023,95,3,7,3.7,2.23,84,BL,3
5/04/2023,96,3,7,3.7,2.435,77,BR,0
27/04/2023,96,3,7,3.7,2.16,78,BR,1
22/05/2023,96,3,7,3.7,2.27,78,BR,2
15/06/2023,96,3,7,3.7,2.75,85,BR,3
5/04/2023,97,3,8,3.8,1.211,67,YL,0
28/04/2023,97,3,8,3.8,1.08,65,YL,1
5/04/2023,98,3,8,3.8,2.261,75,YR,0
28/04/2023,98,3,8,3.8,2.26,78,YR,1
23/05/2023,98,3,8,3.8,2.53,80,YR,2
16/06/2023,98,3,8,3.8,2.96,85,YR,3
5/04/2023,99,3,8,3.8,1.077,61,BrL,0
28/04/2023,99,3,8,3.8,0.91,61,BrL,1
23/05/2023,99,3,8,3.8,0.89,61,BrL,2
23/05/2023,100,3,8,3.8,2.2,87,BrR,2
16/06/2023,99,3,8,3.8,1.23,66,BrL,3
16/06/2023,100,3,8,3.8,2.76,81,BrR,3
5/04/2023,100,3,8,3.8,2.414,79,BrR,0
28/04/2023,100,3,8,3.8,2.26,77,BrR,1
5/04/2023,101,3,8,3.8,1.872,77,RL,0
28/04/2023,101,3,8,3.8,1.73,76,RL,1
5/04/2023,102,3,8,3.8,1.899,73,RR,0
28/04/2023,102,3,8,3.8,1.97,73,RR,1
23/05/2023,102,3,8,3.8,2.68,76,RR,2
16/06/2023,102,3,8,3.8,2.96,77,RR,3
5/04/2023,103,3,8,3.8,0.973,60,BL,0
28/04/2023,103,3,8,3.8,0.66,61,BL,1
23/05/2023,103,3,8,3.8,0.77,61,BL,2
16/06/2023,103,3,8,3.8,0.89,62,BL,3
5/04/2023,104,3,8,3.8,2.086,75,BR,0
28/04/2023,104,3,8,3.8,1.61,73,BR,1
23/05/2023,104,3,8,3.8,1.53,72,BR,2
5/04/2023,105,3,9,3.9,1.418,67,YL,0
28/04/2023,105,3,9,3.9,1.42,67,YL,1
23/05/2023,105,3,9,3.9,2.68,80,YL,2
16/06/2023,105,3,9,3.9,3.88,87,YL,3
5/04/2023,106,3,9,3.9,1.259,66,YR,0
28/04/2023,106,3,9,3.9,0.97,66,YR,1
23/05/2023,106,3,9,3.9,1.27,67,YR,2
16/06/2023,106,3,9,3.9,1.09,68,YR,3
5/04/2023,107,3,9,3.9,2.023,77,BrL,0
28/04/2023,107,3,9,3.9,1.88,78,BrL,1
23/05/2023,107,3,9,3.9,2.42,79,BrL,2
16/06/2023,107,3,9,3.9,2.83,85,BrL,3
5/04/2023,108,3,9,3.9,1.312,65,BrR,0
28/04/2023,108,3,9,3.9,1.07,66,BrR,1
23/05/2023,108,3,9,3.9,1.29,65,BrR,2
16/06/2023,108,3,9,3.9,1.3,65,BrR,3
5/04/2023,109,3,9,3.9,1.852,74,RL,0
28/04/2023,109,3,9,3.9,1.72,73,RL,1
23/05/2023,109,3,9,3.9,2.89,81,RL,2
16/06/2023,109,3,9,3.9,5.13,93,RL,3
5/04/2023,110,3,9,3.9,1.178,63,RR,0
28/04/2023,110,3,9,3.9,0.79,64,RR,1
23/05/2023,110,3,9,3.9,0.64,61,RR,2
16/06/2023,110,3,9,3.9,0.66,61,RR,3
5/04/2023,111,3,9,3.9,1.023,62,BL,0
28/04/2023,111,3,9,3.9,0.76,60,BL,1
23/05/2023,111,3,9,3.9,0.92,63,BL,2
16/06/2023,111,3,9,3.9,1.65,70,BL,3
5/04/2023,114,3,10,3.1,1.89,74,YR,0
29/04/2023,114,3,10,3.1,1.76,72,YR,1
24/05/2023,114,3,10,3.1,1.56,74,YR,2
17/06/2023,114,3,10,3.1,1.91,76,YR,3
5/04/2023,115,3,10,3.1,2.223,81,BrL,0
29/04/2023,115,3,10,3.1,2.44,80,BrL,1
24/05/2023,115,3,10,3.1,2.68,81,BrL,2
17/06/2023,115,3,10,3.1,3.74,86,BrL,3
5/04/2023,116,3,10,3.1,2.259,82,BrR,0
29/04/2023,116,3,10,3.1,2.05,80,BrR,1
24/05/2023,116,3,10,3.1,3.15,81,BrR,2
17/06/2023,116,3,10,3.1,4.39,86,BrR,3
5/04/2023,117,3,10,3.1,1.813,72,RL,0
29/04/2023,117,3,10,3.1,1.53,70,RL,1
24/05/2023,117,3,10,3.1,1.98,72,RL,2
17/06/2023,117,3,10,3.1,2.83,78,RL,3
5/04/2023,118,3,10,3.1,1.894,69,RR,0
29/04/2023,118,3,10,3.1,1.99,67,RR,1
24/05/2023,118,3,10,3.1,0.89,65,RR,2
5/04/2023,119,3,10,3.1,2.144,75,BL,0
29/04/2023,119,3,10,3.1,2.12,77,BL,1
24/05/2023,119,3,10,3.1,2.14,78,BL,2
17/06/2023,119,3,10,3.1,3.41,88,BL,3
5/04/2023,120,3,10,3.1,0.522,50,BR,0
29/04/2023,120,3,10,3.1,0.44,51,BR,1
5/04/2023,121,3,11,3.11,2.003,73,YL,0
29/04/2023,121,3,11,3.11,1.85,71,YL,1
24/05/2023,121,3,11,3.11,2.06,74,YL,2
17/06/2023,121,3,11,3.11,2.29,79,YL,3
5/04/2023,122,3,11,3.11,1.923,74,YR,0
29/04/2023,122,3,11,3.11,1.91,72,YR,1
24/05/2023,122,3,11,3.11,2.64,75,YR,2
17/06/2023,122,3,11,3.11,2.69,78,YR,3
5/04/2023,123,3,11,3.11,0.594,53,BrL,0
29/04/2023,123,3,11,3.11,0.42,51,BrL,1
24/05/2023,123,3,11,3.11,0.58,51,BrL,2
17/06/2023,123,3,11,3.11,0.76,57,BrL,3
5/04/2023,124,3,11,3.11,2.048,73,BrR,0
29/04/2023,124,3,11,3.11,2.09,73,BrR,1
24/05/2023,124,3,11,3.11,3.57,82,BrR,2
17/06/2023,124,3,11,3.11,4.97,90,BrR,3
5/04/2023,125,3,11,3.11,2.18,76,RL,0
29/04/2023,125,3,11,3.11,1.99,75,RL,1
24/05/2023,125,3,11,3.11,2.09,75,RL,2
17/06/2023,125,3,11,3.11,2.45,81,RL,3
5/04/2023,126,3,11,3.11,2.461,76,RR,0
29/04/2023,126,3,11,3.11,1.27,76,RR,1
24/05/2023,126,3,11,3.11,2.88,80,RR,2
17/06/2023,126,3,11,3.11,3.78,86,RR,3
5/04/2023,127,3,11,3.11,1.883,73,BL,0
29/04/2023,127,3,11,3.11,1.74,71,BL,1
24/05/2023,127,3,11,3.11,2.18,72,BL,2
17/06/2023,127,3,11,3.11,2.64,79,BL,3
5/04/2023,128,3,11,3.11,1.592,70,BR,0
29/04/2023,128,3,11,3.11,1.8,72,BR,1
24/05/2023,128,3,11,3.11,2.9,78,BR,2
17/06/2023,128,3,11,3.11,5.53,97,BR,3
5/04/2023,129,3,12,3.12,1.803,73,YL,0
30/04/2023,129,3,12,3.12,1.58,70,YL,1
25/05/2023,129,3,12,3.12,2.13,76,YL,2
18/06/2023,129,3,12,3.12,3.02,84,YL,3
5/04/2023,130,3,12,3.12,1.429,67,YR,0
30/04/2023,130,3,12,3.12,1.15,68,YR,1
25/05/2023,130,3,12,3.12,1.16,69,YR,2
18/06/2023,130,3,12,3.12,1.54,73,YR,3
5/04/2023,131,3,12,3.12,1.966,73,BrL,0
30/04/2023,131,3,12,3.12,1.51,73,BrL,1
25/05/2023,131,3,12,3.12,1.68,74,BrL,2
18/06/2023,131,3,12,3.12,2.08,77,BrL,3
5/04/2023,132,3,12,3.12,1.817,74,BrR,0
30/04/2023,132,3,12,3.12,1.72,73,BrR,1
25/05/2023,132,3,12,3.12,1.84,73,BrR,2
18/06/2023,132,3,12,3.12,2.69,80,BrR,3
5/04/2023,134,3,12,3.12,1.567,68,RR,0
30/04/2023,134,3,12,3.12,1.28,67,RR,1
25/05/2023,134,3,12,3.12,1.26,68,RR,2
18/06/2023,134,3,12,3.12,1.86,74,RR,3
5/04/2023,135,3,12,3.12,1.838,71,BL,0
30/04/2023,135,3,12,3.12,1.69,70,BL,1
25/05/2023,135,3,12,3.12,2.54,77,BL,2
18/06/2023,135,3,12,3.12,3.47,83,BL,3
5/04/2023,136,3,12,3.12,2.477,77,BR,0
30/04/2023,136,3,12,3.12,2.03,78,BR,1
25/05/2023,136,3,12,3.12,1.67,78,BR,2
18/06/2023,136,3,12,3.12,1.83,78,BR,3
5/04/2023,137,3,13,3.13,1.007,59,YL,0
5/05/2023,137,3,13,3.13,0.76,60,YL,1
25/05/2023,137,3,13,3.13,0.86,60,YL,2
18/06/2023,137,3,13,3.13,1.3,65,YL,3
13/04/2023,138,3,13,3.13,1.044,65,YR,0
5/05/2023,138,3,13,3.13,0.96,65,YR,1
25/05/2023,138,3,13,3.13,1.21,66,YR,2
18/06/2023,138,3,13,3.13,2.84,82,YR,3
5/04/2023,139,3,13,3.13,1.787,70,BrL,0
5/05/2023,139,3,13,3.13,1.17,69,BrL,1
25/05/2023,139,3,13,3.13,1.07,70,BrL,2
18/06/2023,139,3,13,3.13,1.3,70,BrL,3
5/04/2023,140,3,13,3.13,1.525,69,BrR,0
5/05/2023,140,3,13,3.13,1.21,68,BrR,1
25/05/2023,140,3,13,3.13,1.38,71,BrR,2
5/04/2023,141,3,13,3.13,1.757,70,RL,0
5/05/2023,141,3,13,3.13,1.37,70,RL,1
25/05/2023,141,3,13,3.13,1.43,72,RL,2
18/06/2023,141,3,13,3.13,2.46,78,RL,3
5/04/2023,142,3,13,3.13,0.809,60,RR,0
5/05/2023,142,3,13,3.13,0.68,61,RR,1
25/05/2023,142,3,13,3.13,0.7,60,RR,2
18/06/2023,142,3,13,3.13,1.3,69,RR,3
5/04/2023,143,3,13,3.13,2.051,75,BL,0
5/05/2023,143,3,13,3.13,1.73,75,BL,1
25/05/2023,143,3,13,3.13,1.65,75,BL,2
18/06/2023,143,3,13,3.13,2.1,77,BL,3
5/04/2023,144,3,13,3.13,0.839,57,BR,0
5/05/2023,144,3,13,3.13,0.7,54,BR,1
25/05/2023,144,3,13,3.13,0.99,60,BR,2
18/06/2023,144,3,13,3.13,1.8,69,BR,3
5/04/2023,145,3,14,3.14,1.478,70,YL,0
1/05/2023,145,3,14,3.14,1.29,69,YL,1
26/05/2023,145,3,14,3.14,1.1,68,YL,2
19/06/2023,145,3,14,3.14,1.49,70,YL,3
5/04/2023,146,3,14,3.14,1.302,67,YR,0
1/05/2023,146,3,14,3.14,1.13,67,YR,1
26/05/2023,146,3,14,3.14,1.28,68,YR,2
19/06/2023,146,3,14,3.14,1.43,70,YR,3
5/04/2023,147,3,14,3.14,1.003,59,BrL,0
1/05/2023,147,3,14,3.14,1.1,61,BrL,1
26/05/2023,147,3,14,3.14,1.3,63,BrL,2
19/06/2023,147,3,14,3.14,1.51,67,BrL,3
5/04/2023,148,3,14,3.14,1.024,64,BrR,0
1/05/2023,148,3,14,3.14,0.93,63,BrR,1
5/04/2023,149,3,14,3.14,1.485,68,RL,0
1/05/2023,149,3,14,3.14,1.53,68,RL,1
5/04/2023,150,3,14,3.14,0.76,57,RR,0
1/05/2023,150,3,14,3.14,0.7,57,RR,1
5/04/2023,151,3,14,3.14,1.512,68,BL,0
1/05/2023,151,3,14,3.14,1.54,68,BL,1
26/05/2023,151,3,14,3.14,1.3,69,BL,2
19/06/2023,151,3,14,3.14,2.29,78,BL,3
5/04/2023,152,3,14,3.14,1.508,68,BR,0
1/05/2023,152,3,14,3.14,1.42,68,BR,1
26/05/2023,152,3,14,3.14,1.42,68,BR,2
19/06/2023,152,3,14,3.14,1.74,69,BR,3
5/04/2023,153,3,15,3.15,2.133,76,YL,0
5/05/2023,153,3,15,3.15,1.87,77,YL,1
26/05/2023,153,3,15,3.15,2.11,78,YL,2
19/06/2023,153,3,15,3.15,2.96,83,YL,3
5/04/2023,154,3,15,3.15,2.331,77,YR,0
5/05/2023,154,3,15,3.15,1.84,77,YR,1
26/05/2023,154,3,15,3.15,2.22,80,YR,2
19/06/2023,154,3,15,3.15,2.92,81,YR,3
13/04/2023,155,3,15,3.15,1.079,64,BrL,0
5/05/2023,155,3,15,3.15,1.07,61,BrL,1
26/05/2023,155,3,15,3.15,1.24,64,BrL,2
19/06/2023,155,3,15,3.15,1.55,66,BrL,3
5/04/2023,157,3,15,3.15,2.535,71,RL,0
5/05/2023,157,3,15,3.15,1.97,78,RL,1
26/05/2023,157,3,15,3.15,2.04,79,RL,2
19/06/2023,157,3,15,3.15,2.28,82,RL,3
5/04/2023,158,3,15,3.15,1.593,69,RR,0
5/05/2023,158,3,15,3.15,1.6,71,RR,1
5/04/2023,160,3,15,3.15,1.451,67,BR,0
5/05/2023,160,3,15,3.15,1.53,67,BR,1
